{"count":1,"self":198.42415359999998,"total":243.50992639999998,"children":{"InitializeActuators":{"count":15,"self":0.0015026999999999998,"total":0.0015026999999999998,"children":null},"InitializeSensors":{"count":15,"self":0.0010002,"total":0.0010002,"children":null},"AgentSendState":{"count":5046,"self":0.027464299999999997,"total":0.1066912,"children":{"CollectObservations":{"count":15150,"self":0.015288099999999999,"total":0.015288099999999999,"children":null},"WriteActionMask":{"count":15150,"self":0,"total":0,"children":null},"RequestDecision":{"count":15150,"self":0.0179132,"total":0.0639388,"children":{"AgentInfo.ToProto":{"count":15150,"self":0.015389799999999999,"total":0.0460256,"children":{"GenerateSensorData":{"count":15150,"self":0.030635799999999998,"total":0.030635799999999998,"children":null}}}}}}},"DecideAction":{"count":5046,"self":44.897279999999995,"total":44.8972797,"children":null},"AgentAct":{"count":5046,"self":0.07116,"total":0.07116,"children":null},"AgentInfo.ToProto":{"count":728,"self":0.0040298,"total":0.0066340999999999995,"children":{"GenerateSensorData":{"count":728,"self":0.0026043,"total":0.0026043,"children":null}}}},"gauges":{"MoveToGoal.CumulativeReward":{"count":728,"max":4,"min":-1,"runningAverage":1.92307675,"value":2,"weightedAverage":1.99436224}},"metadata":{"timer_format_version":"0.1.0","start_time_seconds":"1738129003","unity_version":"6000.0.35f1","command_line_arguments":"C:\\Program Files\\Unity\\Hub\\Editor\\6000.0.35f1\\Editor\\Unity.exe -projectpath C:\\Users\\brady\\ML Agents Tester -useHub -hubIPC -cloudEnvironment production","communication_protocol_version":"1.5.0","com.unity.ml-agents_version":"3.0.0","scene_name":"SampleScene","end_time_seconds":"1738129246"}}